Month,COVID 19 Hospitalization Rate in Exposed Population (%),COVID 19 Hospitalization Rate in Unexposed Population (%),BA.2 Variant Proportion,BA.1 Variant Proportion
JAN,0.0049,0.0082,20.11445531,65.19983977
FEB,0.0074,0.0115,35.65771923,79.44645514
MARCH,0.0131,0.0164,60.97261149,85.55311415
APRIL,0.0205,0.0312,85.55311415,60.97261149
MAY,0.0189,0.0246,79.44645514,35.65771923
JUNE,0.0156,0.0213,65.19983977,20.11445531
,,,,
,,,,
,,,,
,,,,
,,,,
,,,,
,,,,
